﻿<parameters>
  <parameter name="IIS Web Application Name" defaultValue="Default Web Site/IngeniBridge" tags="IisApp">
    <parameterEntry kind="ProviderPath" scope="IisApp" match="^C:\\Users\\joset\\source\\azure_josetorres\\IngeniBridge\\IngeniBridge\.Server\\IngeniBridge\.Server\\obj\\Release\\Package\\PackageTmp$" />
    <parameterEntry kind="ProviderPath" scope="setAcl" match="^C:\\Users\\joset\\source\\azure_josetorres\\IngeniBridge\\IngeniBridge\.Server\\IngeniBridge\.Server\\obj\\Release\\Package\\PackageTmp$" />
  </parameter>
  <parameter name="Add write permission to App_Data Folder" description="Add write permission to App_Data folder" defaultValue="{IIS Web Application Name}/App_Data" tags="Hidden">
    <parameterEntry kind="ProviderPath" scope="setAcl" match="^C:\\Users\\joset\\source\\azure_josetorres\\IngeniBridge\\IngeniBridge\.Server\\IngeniBridge\.Server\\obj\\Release\\Package\\PackageTmp\\App_Data$" />
  </parameter>
  <parameter name="ApplicationServices-Web.config Connection String" defaultValue="data source=(localdb)\mssqllocaldb;integrated security=SSPI;attachdbfilename=|DataDirectory|\aspnetdb.mdf">
    <parameterEntry kind="XmlFile" scope="C:\\Users\\joset\\source\\azure_josetorres\\IngeniBridge\\IngeniBridge\.Server\\IngeniBridge\.Server\\obj\\Release\\Package\\PackageTmp\\Web\.config$" match="/configuration/connectionStrings/add[@name='ApplicationServices']/@connectionString" />
  </parameter>
</parameters>